{
    "8231387855683": {
        "text": "บ่",
        "from": "u9c6030db3737aabc6c117c649c3f85d8",
        "createdTime": 1531021878670
    },
    "8231390414897": {
        "text": "มอนิ่ง ทุกคน",
        "from": "ua6db2d278f6d8ef7b04ca6e12c7a72da",
        "createdTime": 1531021920396
    },
    "8231390333153": {
        "text": "@❣⍣❈͜͡ Ŗυиωäỳ ͜͡❈⍣❣ ลง คท.แล้วไงต่อ",
        "from": "ue06dc4e846567f9c887ae7482e25c140",
        "createdTime": 1531021919059
    }
}